,Area,BHK,Bathroom,Locality,Parking,Price
1,750.0,2.0,2.0,"J R Designers Floors, Rohini Sector 24",1.0,5000000.0
2,950.0,2.0,2.0,"Citizen Apartment, Rohini Sector 13",1.0,15500000.0
3,600.0,2.0,2.0,Rohini Sector 24,1.0,4200000.0
4,650.0,2.0,2.0,"Rohini Sector 24 carpet area 650 sqft status Ready to Move floor 4 out of 4 floors transaction New Property furnishing Semi-Furnished facing East overlooking Garden/Park, Main Road car parking 1 Open bathroom 2 balcony 1 ownership Freehold Newly Constructed Property Newly Constructed Property East Facing Property 2BHK Newly build property for Sale. A House is waiting for a Friendly Family to make it a lovely home.So please come and make his house feel alive once again. read more Contact Agent View Phone No. Share Feedback Garima properties Certified Agent Trusted by Users Genuine Listings Market Knowledge",1.0,6200000.0
5,1300.0,4.0,3.0,Rohini Sector 24,1.0,15500000.0
6,1350.0,4.0,3.0,Rohini Sector 24,1.0,10000000.0
7,650.0,2.0,2.0,"Delhi Homes, Rohini Sector 24",1.0,4000000.0
8,985.0,3.0,3.0,Rohini Sector 21,1.0,6800000.0
9,1300.0,4.0,4.0,Rohini Sector 22,1.0,15000000.0
10,1100.0,3.0,2.0,Rohini Sector 20,1.0,6200000.0
12,630.0,2.0,2.0,Rohini Sector 24,1.0,5500000.0
13,660.0,2.0,2.0,Rohini Sector 24,1.0,5000000.0
15,660.0,2.0,2.0,"Rohini Sector 25 carpet area 660 sqft status Ready to Move floor 2 out of 4 floors transaction New Property furnishing Semi-Furnished facing North overlooking Garden/Park, Main Road car parking 1 Open bathroom 2 balcony 1 ownership Freehold Newly Constructed Property Newly Constructed Property Near by Ryan international school 2BHK Located on the Ground Floor of a four story building with open parking the flat measure 720 Sq Ft the property is located in a green and plush sector with common parks opposite every lane and bus and auto stand nearby. its situated 1.5 km from the metro station and walkable distance from shopping distance from shopping complex. read more Contact Agent View Phone No. Share Feedback Know your Certified Agent CRISIL Rating No of Employees 9 Kulwant & Company Certified Agent Trusted by Users Genuine Listings 5500+ Buyers Served",1.0,4700000.0
18,1150.0,3.0,3.0,Rohini Sector 14,1.0,25000000.0
19,650.0,2.0,2.0,Rohini Sector 24,1.0,6000000.0
20,850.0,2.0,2.0,"Mayur Apartment, Rohini Sector 9",1.0,11000000.0
22,430.556,1.0,1.0,"Rohini Sector 18 carpet area 40 sqm status Ready to Move floor 2 out of 4 floors transaction Resale furnishing Furnished facing East overlooking Main Road car parking 2 Open bathroom 1 balcony 1 ownership Freehold East Facing Property It an LIG three side corner flat in second floor, having full scope of expansion. interior decorated with 2 textured wall , kajaria tiles , fully modular kitchen, branded bathroom and toilet fittings, LED panel, ac in one bedroom, false ceiling in entire flat.south facing unobstructed view balcony. It was all renovated only 2.5 yrs back so every thing is in brand new condition. read more Contact Owner View Phone No. Share Feedback Owner Pramod",2.0,5300000.0
23,900.0,2.0,2.0,"Prashant Vihar, Rohini",1.0,10500000.0
24,914.9315,2.0,2.0,Rohini Sector 5,1.0,12000000.0
25,1100.0,3.0,3.0,Rohini Sector 20,1.0,7000000.0
27,500.0,1.0,1.0,"Sanskriti Apartment, Rohini Sector 28",1.0,3400000.0
29,2160.0,4.0,4.0,Rohini Sector 19,1.0,21000000.0
47,900.0,2.0,2.0,"Amar Colony, Lajpat Nagar",2.0,13000000.0
48,1000.0,3.0,3.0,"Vikram Vihar, Lajpat Nagar",1.0,22000000.0
49,900.0,2.0,2.0,Lajpat Nagar 2,1.0,15800000.0
50,2925.0,4.0,4.0,Lajpat Nagar 3,2.0,57500000.0
51,900.0,2.0,2.0,other,2.0,10000000.0
52,1600.0,3.0,3.0,Lajpat Nagar 3,2.0,30000000.0
53,1143.0,3.0,3.0,"Vikram Vihar, Lajpat Nagar",2.0,22000000.0
54,1150.0,3.0,3.0,"Vikram Vihar, Lajpat Nagar",2.0,24000000.0
55,1500.0,3.0,3.0,Lajpat Nagar 3,1.0,31500000.0
56,850.0,2.0,2.0,Lajpat Nagar 2,1.0,14600000.0
58,890.0,2.0,2.0,other,1.0,8300000.0
59,1100.0,3.0,3.0,"Vikram Vihar, Lajpat Nagar",1.0,22500000.0
62,1350.0,3.0,2.0,"MTNL Employees House Welfare Society, Dwarka Sector 24",1.0,5130000.0
63,1387.0,4.0,4.0,"Delhi Homes Yojana, Dwarka Sector 24",1.0,5890000.0
64,1050.0,3.0,2.0,"The Elite Spire, Dwarka Sector 21",1.0,3700000.0
65,1500.0,3.0,2.0,"Kunj Vihar Apartment, Dwarka Sector 12",1.0,17400000.0
66,1200.0,3.0,3.0,"Ashirwad Apartments, Dwarka Sector 12",1.0,15500000.0
67,700.0,2.0,1.0,"MTNL Employees House Welfare Society, Dwarka Sector 24",1.0,2400000.0
68,1700.0,3.0,2.0,"Sunny Valley Apartments, Dwarka",1.0,17200000.0
69,1550.0,3.0,2.0,"Shri Agrasen Apartment, Dwarka Sector 7",2.0,14200000.0
70,1400.0,3.0,3.0,other,1.0,13500000.0
71,1900.0,4.0,4.0,"Mohinder Apartments, Dwarka Sector 12",1.0,30000000.0
72,2160.0,4.0,3.0,"Chander Lok Apartment, Dwarka Sector 19",1.0,21000000.0
73,1700.0,4.0,3.0,"Neelachal, Dwarka Sector 5",1.0,20500000.0
74,1850.0,3.0,4.0,Dwarka,1.0,24000000.0
75,1800.0,4.0,2.0,"MeeraBai Apartment, Dwarka Sector 5",1.0,16500000.0
76,1620.0,3.0,2.0,"Crescent Apartments, Dwarka Sector 18",1.0,14900000.0
77,1800.0,4.0,3.0,"Ashoka Enclave Apartment, Dwarka Sector 11",1.0,19200000.0
78,1540.0,3.0,3.0,other,1.0,14500000.0
79,1600.0,3.0,3.0,"Ashirwad Apartments, Dwarka",1.0,15600000.0
80,1400.0,3.0,2.0,"Indraprastha Apartment, Dwarka Sector 12",1.0,11400000.0
81,2300.0,4.0,4.0,"Mohinder Apartments, Dwarka",1.0,31500000.0
82,1560.0,3.0,2.0,"Ashoka Apartments, Dwarka Sector 12",2.0,15800000.0
83,1500.0,3.0,3.0,"Karuna Vihar Apartment, Dwarka",2.0,16000000.0
84,1540.0,3.0,3.0,other,1.0,14500000.0
85,1050.0,2.0,2.0,"LNT Apartments, Dwarka",1.0,10500000.0
86,1800.0,3.0,2.0,Dwarka Sector 4,1.0,14800000.0
87,400.0,1.0,1.0,"Dwarka Sector 3 carpet area 400 sqft status Ready to Move floor 1 out of 4 floors transaction New Property furnishing Semi-Furnished facing West overlooking Main Road bathroom 1 balcony 1 ownership Freehold Newly Constructed Property 1BHK freehold property , reserved parking, ample space for visitor parking, bathrooms with modern facilities, complete light in all room, wooden wardrobes in bedrooms, separate electric & water meter connection, separate water tank at roof, electronic door lock system with intercom facility, wall to wall POP work, fall ceiling work in all rooms, royal paint work in all rooms, 24X7 running water, branded electric fittings, modular kitchen with electronic chimney, marble vitrified tile flooring, near to metro station, well connected to main road ect. 80 to 90 home loan available. Ready to move read more Contact Agent View Phone No. Share Feedback Agent S.B. Associates 4000+ Buyers Served",1.0,1850000.0
88,1150.0,3.0,2.0,Dwarka Sector 16B,1.0,6800000.0
89,1525.0,3.0,3.0,other,1.0,14200000.0
102,1500.0,3.0,3.0,Lajpat Nagar 3,1.0,40000000.0
104,2700.0,4.0,4.0,Lajpat Nagar 3,2.0,55000000.0
105,1400.0,3.0,3.0,Lajpat Nagar 3,1.0,24500000.0
106,1800.0,3.0,3.0,Lajpat Nagar 3,1.0,24500000.0
107,1400.0,3.0,3.0,Lajpat Nagar 3,1.0,32500000.0
108,1000.0,2.0,2.0,Lajpat Nagar 3,1.0,20000000.0
110,1000.0,2.0,2.0,Lajpat Nagar 3,1.0,20000000.0
111,1700.0,3.0,3.0,Lajpat Nagar 3,2.0,19000000.0
112,1600.0,3.0,3.0,Lajpat Nagar 3,2.0,26000000.0
113,1350.0,3.0,3.0,Lajpat Nagar 3,1.0,21000000.0
114,1700.0,3.0,3.0,Lajpat Nagar 3,1.0,27500000.0
115,1400.0,3.0,3.0,Lajpat Nagar 3,2.0,32500000.0
116,1450.0,3.0,3.0,Lajpat Nagar 3,1.0,45000000.0
117,1350.0,3.0,3.0,Lajpat Nagar 3,1.0,21000000.0
118,1700.0,3.0,3.0,Lajpat Nagar 3,1.0,28000000.0
119,1600.0,3.0,3.0,Lajpat Nagar 3,2.0,29500000.0
123,1350.0,2.0,2.0,Lajpat Nagar 2,4.0,12500000.0
124,1500.0,3.0,3.0,Lajpat Nagar 2,2.0,26000000.0
125,750.0,2.0,2.0,other,2.0,11500000.0
126,850.0,2.0,2.0,Lajpat Nagar 2,2.0,14600000.0
127,1575.0,3.0,3.0,Lajpat Nagar 2,1.0,25500000.0
128,1675.0,3.0,3.0,Lajpat Nagar 2,2.0,31000000.0
129,1350.0,3.0,3.0,Lajpat Nagar 2,2.0,22000000.0
130,900.0,2.0,2.0,Lajpat Nagar 2,2.0,13400000.0
131,1800.0,3.0,3.0,Lajpat Nagar 2,2.0,35000000.0
132,900.0,2.0,2.0,Lajpat Nagar 2,2.0,11000000.0
133,900.0,2.0,2.0,other,2.0,6300000.0
134,900.0,2.0,2.0,Lajpat Nagar 2,2.0,12500000.0
135,800.0,2.0,2.0,Lajpat Nagar 2,1.0,14500000.0
136,1100.0,2.0,3.0,Lajpat Nagar 2,1.0,22500000.0
137,810.0,2.0,2.0,Lajpat Nagar 2,1.0,15500000.0
138,1500.0,3.0,3.0,Lajpat Nagar 2,1.0,26000000.0
139,900.0,2.0,2.0,Lajpat Nagar 2,1.0,15800000.0
140,825.0,2.0,2.0,Lajpat Nagar 2,1.0,15000000.0
141,900.0,2.0,2.0,Lajpat Nagar 2,1.0,13000000.0
142,875.0,2.0,2.0,Lajpat Nagar 2,1.0,15000000.0
143,1350.0,3.0,3.0,Lajpat Nagar 2,1.0,25000000.0
144,750.0,2.0,2.0,Lajpat Nagar 2,1.0,16500000.0
145,900.0,2.0,2.0,Lajpat Nagar 2,1.0,10300000.0
146,1350.0,3.0,3.0,Lajpat Nagar 2,1.0,26000000.0
147,900.0,2.0,2.0,Lajpat Nagar 2,1.0,11000000.0
148,1800.0,3.0,3.0,Lajpat Nagar 2,1.0,28500000.0
149,900.0,2.0,2.0,Lajpat Nagar 2,1.0,11000000.0
154,900.0,3.0,2.0,Budh Vihar,1.0,4000000.0
156,450.0,1.0,1.0,Budh Vihar,1.0,2000000.0
161,400.0,1.0,1.0,Budh Vihar,1.0,2000000.0
164,2400.0,6.0,4.0,other,1.0,6000000.0
167,666.0,1.0,2.0,Budh Vihar Phase 1,1.0,3500000.0
168,1000.0,2.0,2.0,"Saptrishi Apartment, Rohini Sector 23",1.0,7600000.0
169,1360.0,4.0,3.0,Rohini Sector 24,1.0,13500000.0
170,1550.0,4.0,3.0,Rohini Sector 24,1.0,12500000.0
172,2170.0,4.0,4.0,Rohini Sector 23,2.0,22000000.0
175,950.0,3.0,2.0,Rohini Sector 23,1.0,7600000.0
176,2300.0,4.0,4.0,Rohini Sector 23,1.0,20000000.0
177,1300.0,4.0,4.0,Rohini Sector 22,1.0,15000000.0
178,1100.0,3.0,2.0,Rohini Sector 20,1.0,6200000.0
179,1030.0,3.0,2.0,Rohini Sector 20,1.0,6200000.0
181,750.0,2.0,2.0,"J R Designers Floors, Rohini Sector 24",1.0,5000000.0
182,720.0,2.0,2.0,"J R Designers Floors, Rohini Sector 24",1.0,4700000.0
183,800.0,2.0,2.0,"J R Designers Floors, Rohini Sector 24",1.0,5500000.0
184,350.0,1.0,1.0,"J R Designers Floors, Rohini Sector 24",1.0,2000000.0
185,980.0,3.0,2.0,"J R Designers Floors, Rohini Sector 24",1.0,7300000.0
186,1600.0,4.0,3.0,"J R Designers Floors, Rohini Sector 24",1.0,13000000.0
187,1450.0,3.0,3.0,"J R Designers Floors, Rohini Sector 24",1.0,11500000.0
189,380.0,1.0,1.0,"J R Designers Floors, Rohini Sector 24",1.0,2200000.0
190,680.0,2.0,2.0,"J R Designers Floors, Rohini Sector 24",1.0,4400000.0
191,1600.0,3.0,3.0,"J R Designers Floors, Rohini Sector 24",1.0,13500000.0
192,630.0,2.0,2.0,"J R Designers Floors, Rohini Sector 24",1.0,4100000.0
193,1500.0,3.0,2.0,"J R Designers Floors, Rohini Sector 24",1.0,12000000.0
195,2500.0,4.0,3.0,"J R Designers Floors, Rohini Sector 24",1.0,15000000.0
196,2800.0,5.0,4.0,"J R Designers Floors, Rohini Sector 24",1.0,17500000.0
197,300.0,1.0,1.0,"J R Designers Floors, Rohini Sector 24",1.0,1900000.0
199,1295.0,3.0,2.0,"J R Designers Floors, Rohini Sector 24",1.0,10000000.0
201,350.0,1.0,1.0,"J R Designers Floors, Rohini Sector 24",1.0,2400000.0
203,2200.0,4.0,4.0,"J R Designers Floors, Rohini Sector 24",1.0,23000000.0
204,2300.0,4.0,4.0,"J R Designers Floors, Rohini Sector 24",1.0,24500000.0
205,1150.0,3.0,2.0,"J R Designers Floors, Rohini Sector 24",1.0,10000000.0
209,4688.0,5.0,4.0,"The Leela Sky Villas, Patel Nagar",1.0,135000000.0
210,750.0,2.0,2.0,"J R Designers Floors, Rohini Sector 24",1.0,5000000.0
211,3901.0,4.0,4.0,"The Leela Sky Villas, Patel Nagar",1.0,93000000.0
212,950.0,3.0,2.0,"Uttam Nagar Floors, Uttam Nagar",1.0,4370000.0
213,1000.0,3.0,2.0,"Virat Residency, Dwarka Mor",1.0,4620000.0
216,1350.0,3.0,2.0,"MTNL Employees House Welfare Society, Dwarka Sector 24",1.0,5130000.0
218,1387.0,4.0,4.0,"Delhi Homes Yojana, Dwarka Sector 24",1.0,5890000.0
220,976.0,2.0,2.0,"Godrej South Estate, Okhla",1.0,24900000.0
221,1050.0,3.0,2.0,"The Elite Spire, Dwarka Sector 21",1.0,3700000.0
222,2700.0,4.0,3.0,other,1.0,60000000.0
223,1500.0,3.0,2.0,"Kunj Vihar Apartment, Dwarka Sector 12",1.0,17400000.0
226,1000.0,3.0,2.0,"Partap Homes, Bhagwati Vihar, Uttam Nagar",1.0,5510000.0
227,1135.0,3.0,3.0,"The Amaryllis, Karol Bagh",2.0,25000000.0
228,2306.0,3.0,3.0,"The Leela Sky Villas, Patel Nagar",1.0,57000000.0
229,850.0,2.0,2.0,other,1.0,2940000.0
230,1200.0,3.0,3.0,"Ashirwad Apartments, Dwarka Sector 12",1.0,15500000.0
231,1700.0,3.0,2.0,"Sunny Valley Apartments, Dwarka",1.0,17200000.0
232,1800.0,4.0,3.0,other,2.0,55000000.0
233,1100.0,2.0,2.0,Vasant Kunj,1.0,15000000.0
234,22050.0,4.0,4.0,Greater Kailash 1,2.0,51000000.0
235,1550.0,4.0,3.0,Rohini Sector 24,1.0,13000000.0
236,1600.0,3.0,3.0,Greater Kailash 1,1.0,30000000.0
237,700.0,2.0,2.0,other,1.0,2400000.0
240,4500.0,4.0,4.0,New Friends Colony,2.0,60000000.0
241,1800.0,4.0,4.0,New Friends Colony,2.0,65000000.0
243,4300.0,4.0,4.0,"New Friends Colony carpet area 4300 sqft status Ready to Move floor 2 out of 3 floors transaction Resale furnishing Unfurnished facing North - East overlooking Garden/Park, Main Road car parking 2 Covered, 2 Open bathroom 4 balcony 3 ownership Freehold hurry up... dont waste time any where, It is best deal in your pocket budget.well maintained second floor with terrace garden plus 2 additional room on terrace up for sale in new friends colony.the property has 4 king sized bedroom attached bathroom with roof top shower with Jacuzzi. It has 3 big balconies with wonderful outer view. It has modular kitchen with new fittings. It has servant quarter pooja room study room store room etc. It has drawing & dining. It has 2 car parking with gated society. It has 247 hours water supply with full power backup. It is in amazing location. read more Contact Agent View Phone No. Share Feedback Crisil Silver Agent Sagar Home Developers Pvt. Ltd. 1000+ Buyers Served",2.0,60000000.0
244,1700.0,3.0,3.0,other,2.0,38500000.0
245,2500.0,3.0,3.0,"Maharani Bagh, New Friends Colony",2.0,50000000.0
246,4500.0,4.0,4.0,New Friends Colony,2.0,75000000.0
247,2450.0,4.0,4.0,"Friends Colony West, New Friends Colony",2.0,70000000.0
249,4800.0,3.0,4.0,"Maharani Bagh, New Friends Colony",1.0,85000000.0
250,1600.0,3.0,3.0,New Friends Colony,2.0,40000000.0
251,3500.0,4.0,4.0,New Friends Colony,2.0,90000000.0
254,1500.0,3.0,3.0,New Friends Colony,2.0,60000000.0
256,2200.0,4.0,4.0,"Kalindi Colony, Maharani Bagh, New Friends Colony",2.0,50000000.0
258,2070.0,3.0,3.0,other,2.0,37500000.0
259,3500.0,3.0,3.0,"Maharani Bagh, New Friends Colony",1.0,45000000.0
260,2000.0,4.0,4.0,New Friends Colony,3.0,70000000.0
261,2800.0,6.0,4.0,"Taimoor Enclave, New Friends Colony carpet area 2800 sqft status Ready to Move floor 2 out of 3 floors transaction Resale furnishing Semi-Furnished facing East overlooking Garden/Park society Taimoor Enclave car parking 2 Covered, 1 Open bathroom 4 balcony 2 ownership Freehold Two floor of the house is available for sale SECOND AND THIRD FLOOR EXTRA made, provision for LIFT can be provided by the OWNER .DDA FLATS of TAIMOOR ENCLAVE, NEAR GURUDWARA, NEW FRIENDS COLONY, SOUTH DELHI , HOUSE IS ON THE SECOND FLOOR have 3 bed room and 2 wash room and and same on the Third Floor, URGENT SALE, BROKER EXCUSE. read more Contact Agent View Phone No. Share Feedback Agent Delhi Homes 100+ Buyers Served",2.0,29500000.0
262,2550.0,4.0,4.0,New Friends Colony,1.0,60000000.0
263,4500.0,4.0,4.0,New Friends Colony,2.0,70000000.0
264,1400.0,3.0,3.0,New Friends Colony,2.0,50000000.0
266,2700.0,4.0,4.0,"New Friends Colony Floors, New Friends Colony",2.0,52500000.0
267,4500.0,4.0,4.0,New Friends Colony,2.0,55000000.0
268,7200.0,4.0,4.0,"Maharani Bagh, New Friends Colony",2.0,120000000.0
273,2200.0,4.0,4.0,"Kailash Colony, Greater Kailash",2.0,47500000.0
274,2200.0,4.0,4.0,"Kailash Colony, Greater Kailash",1.0,40000000.0
275,3500.0,4.0,4.0,"Kailash Colony, Greater Kailash",3.0,85000000.0
276,1440.0,3.0,3.0,"Kailash Colony, Greater Kailash",3.0,26000000.0
277,3150.0,4.0,4.0,"Kailash Colony, Greater Kailash",3.0,35000000.0
278,900.0,2.0,2.0,"Kailash Colony, Greater Kailash",3.0,20000000.0
280,1200.0,3.0,2.0,"Kailash Colony, Greater Kailash",3.0,17000000.0
281,4500.0,4.0,4.0,"Kailash Colony, Greater Kailash",2.0,47500000.0
282,2799.0,4.0,4.0,"Kailash Colony, Greater Kailash",2.0,43000000.0
283,1350.0,3.0,3.0,"Kailash Colony, Greater Kailash",1.0,26000000.0
284,1200.0,3.0,3.0,"Kailash Colony, Greater Kailash",1.0,25000000.0
286,1500.0,3.0,3.0,"Kailash Colony, Greater Kailash",2.0,40000000.0
287,1600.0,3.0,3.0,"Kailash Colony, Greater Kailash",1.0,22500000.0
288,4500.0,4.0,4.0,"Kailash Colony, Greater Kailash",1.0,70000000.0
289,2150.0,4.0,4.0,"Kailash Colony, Greater Kailash",2.0,45000000.0
290,2107.0,4.0,4.0,"Kailash Colony, Greater Kailash",2.0,51100000.0
291,1150.0,3.0,3.0,"Kailash Colony, Greater Kailash",1.0,25500000.0
292,1240.0,3.0,3.0,"Kailash Colony, Greater Kailash",2.0,26500000.0
293,1000.0,2.0,2.0,"Kailash Colony, Greater Kailash",1.0,15000000.0
294,4500.0,4.0,4.0,"Kailash Colony, Greater Kailash",2.0,55000000.0
295,1150.0,3.0,3.0,"Kailash Colony, Greater Kailash",2.0,26000000.0
296,2000.0,4.0,4.0,"Kailash Colony, Greater Kailash",2.0,38000000.0
305,1425.0,3.0,3.0,other,1.0,9300000.0
307,1017.0,2.0,2.0,"Vishwas Nagar, Shahdara",1.0,6500000.0
308,650.0,2.0,2.0,"DDA RPS Flats, Mansarowar Park, Shahdara",1.0,5800000.0
309,950.0,3.0,2.0,Shahdara,1.0,5500000.0
311,750.0,2.0,2.0,"Balbir Nagar, Shahdara",1.0,4500000.0
312,990.0,2.0,2.0,Shahdara,2.0,4100000.0
314,675.0,2.0,1.0,Shahdara,1.0,3300000.0
318,1350.0,4.0,3.0,other,1.0,11300000.0
320,846.0,2.0,1.0,"Shivnam Apartment, Shahdara",1.0,3300000.0
321,1300.0,4.0,3.0,other,1.0,11500000.0
322,900.0,3.0,2.0,other,1.0,6000000.0
323,1050.0,3.0,2.0,"Hans Apartments, Vishwas Nagar, Shahdara",1.0,9000000.0
324,850.0,2.0,2.0,other,1.0,4500000.0
325,1650.0,4.0,3.0,Shahdara,1.0,14000000.0
326,1150.0,2.0,2.0,"Ahinsha Vatika, Ram Nagar, Shahdara",1.0,7300000.0
327,495.1394,1.0,1.0,Shahdara,1.0,1900000.0
328,1053.0,3.0,2.0,other,4.0,7000000.0
332,747.0,2.0,2.0,"Yamuna Vihar, Shahdara",1.0,6500000.0
333,720.0,2.0,1.0,"Yamuna Vihar, Shahdara",1.0,4000000.0
334,376.7365,1.0,1.0,"Yamuna Vihar, Shahdara",1.0,3000000.0
335,1125.0,2.0,2.0,"Yamuna Vihar, Shahdara",1.0,5000000.0
336,713.0,2.0,2.0,"Yamuna Vihar, Shahdara",1.0,6000000.0
337,360.0,1.0,1.0,"Yamuna Vihar, Shahdara",1.0,2500000.0
338,900.0,2.0,2.0,"Yamuna Vihar, Shahdara",1.0,6500000.0
343,2430.0,4.0,3.0,"Yamuna Vihar, Shahdara",1.0,25000000.0
344,2475.0,3.0,3.0,"Yamuna Vihar, Shahdara",1.0,70000000.0
345,2970.0,7.0,4.0,"Yamuna Vihar, Shahdara",1.0,26500000.0
346,2250.0,3.0,2.0,"Yamuna Vihar, Shahdara",1.0,18500000.0
347,1500.0,5.0,3.0,"Yamuna Vihar, Shahdara",1.0,30000000.0
348,1512.0,2.0,2.0,"Yamuna Vihar, Shahdara",1.0,22000000.0
350,2160.0,3.0,3.0,"Yamuna Vihar, Shahdara",1.0,65000000.0
355,700.0,2.0,1.0,"Yamuna Vihar, Shahdara",2.0,16000000.0
358,850.0,2.0,2.0,other,1.0,4500000.0
362,990.0,3.0,2.0,Laxmi Nagar,1.0,4000000.0
365,1000.0,2.0,2.0,Laxmi Nagar,1.0,7500000.0
366,900.0,3.0,2.0,Laxmi Nagar,1.0,7000000.0
370,675.0,2.0,2.0,Laxmi Nagar,2.0,2400000.0
371,1700.0,4.0,3.0,Laxmi Nagar,2.0,11500000.0
373,387.0,1.0,2.0,"Guru Angad Nagar West, Laxmi Nagar",2.0,1700000.0
380,1000.0,3.0,3.0,"Laxmi Nagar carpet area 1000 sqft status Ready to Move floor 1 out of 4 floors transaction Resale furnishing Furnished bathroom 3 balcony 1 It's a 1st floor Builder Floor Apartment in a building of total 4 floors. The age of construction for this Builder Floor Apartment is between 10 to 15 years. The location has easy access to, Dena Bank (0 km ), Delhi Convent School (0 km ), DDA Market (0 km ) and Nirman Vihar Metro Station (2 km ). read more Contact Owner View Phone No. Share Feedback Owner Vipul Jain",1.0,12500000.0
381,715.0,2.0,2.0,Laxmi Nagar,1.0,5600000.0
382,600.0,2.0,2.0,Laxmi Nagar,1.0,7000000.0
387,900.0,3.0,2.0,Laxmi Nagar,1.0,6000000.0
388,1000.0,3.0,2.0,Laxmi Nagar,1.0,6000000.0
390,950.0,3.0,2.0,"Uttam Nagar Floors, Uttam Nagar",1.0,4370000.0
391,1000.0,3.0,2.0,"Virat Residency, Dwarka Mor",1.0,4620000.0
394,1000.0,3.0,2.0,"Partap Homes, Bhagwati Vihar, Uttam Nagar",1.0,5510000.0
399,360.0,1.0,1.0,Uttam Nagar,1.0,1700000.0
400,900.0,3.0,2.0,other,1.0,2800000.0
402,1200.0,4.0,3.0,other,1.0,6800000.0
403,1000.0,3.0,2.0,Uttam Nagar,1.0,6200000.0
404,620.0,2.0,2.0,Uttam Nagar,1.0,3100000.0
406,805.0,2.0,2.0,"Kiran Garden, Uttam Nagar",1.0,4000000.0
407,729.0,2.0,2.0,"Mohan Garden, Razapur Khurd",1.0,4800000.0
409,360.0,1.0,1.0,Uttam Nagar,1.0,2000000.0
411,1001.0,3.0,2.0,"Mitya Homes, Dwarka Mor",1.0,5800000.0
415,675.0,2.0,1.0,Uttam Nagar,1.0,2900000.0
419,4688.0,5.0,4.0,"The Leela Sky Villas, Patel Nagar",1.0,135000000.0
420,3901.0,4.0,4.0,"The Leela Sky Villas, Patel Nagar",1.0,93000000.0
423,900.0,3.0,2.0,Patel Nagar West,1.0,9500000.0
425,900.0,2.0,2.0,Patel Nagar West,3.0,7400000.0
426,2000.0,3.0,3.0,"Patel Nagar East, Patel Nagar",1.0,37500000.0
427,2000.0,4.0,4.0,Patel Nagar West,3.0,15000000.0
428,1900.0,3.0,3.0,"The Leela Sky Villas, Patel Nagar",1.0,55300000.0
429,1530.0,3.0,3.0,"Patel Nagar East, Patel Nagar",2.0,26500000.0
431,900.0,3.0,2.0,Patel Nagar West,2.0,10400000.0
433,950.0,2.0,2.0,Patel Nagar West,2.0,8000000.0
434,1800.0,3.0,3.0,"Patel Nagar East, Patel Nagar",2.0,27000000.0
435,1500.0,3.0,3.0,Patel Nagar West,2.0,19500000.0
436,1800.0,3.0,3.0,"Patel Nagar East, Patel Nagar",3.0,50000000.0
437,1800.0,3.0,3.0,Patel Nagar West,3.0,21100000.0
438,2306.0,3.0,3.0,"The Leela Sky Villas, Patel Nagar",1.0,57000000.0
439,850.0,2.0,3.0,Patel Nagar West,1.0,5900000.0
441,900.0,3.0,2.0,Patel Nagar West,1.0,12000000.0
442,1800.0,3.0,3.0,Patel Nagar West,1.0,24000000.0
444,1782.0,3.0,3.0,"Patel Nagar East, Patel Nagar",1.0,15000000.0
447,1500.0,3.0,3.0,Patel Nagar West,1.0,12500000.0
457,2000.0,3.0,3.0,other,1.0,31000000.0
458,650.0,1.0,2.0,"DDA Flats Sector E Pocket 1, Vasant Kunj",1.0,7400000.0
459,1100.0,2.0,2.0,Vasant Kunj,1.0,15500000.0
460,1075.0,2.0,2.0,"DDA Flats Sector E Pocket 1, Vasant Kunj",2.0,12000000.0
461,1450.0,3.0,2.0,"DDA Flats Vasant Kunj, Vasant Kunj Sector D",2.0,23500000.0
462,1200.0,3.0,2.0,Vasant Kunj Sector A,2.0,25000000.0
463,600.0,1.0,2.0,"E2 Vasant Kunj, Vasant Kunj",2.0,7000000.0
464,1000.0,2.0,2.0,other,1.0,17500000.0
465,1600.0,3.0,2.0,other,1.0,25000000.0
466,1750.0,4.0,4.0,Vasant Kunj Sector C,1.0,29000000.0
467,1300.0,3.0,3.0,"DDA Flats Sector E Pocket 1, Vasant Kunj",1.0,21900000.0
468,550.0,1.0,2.0,Vasant Kunj Sector D,1.0,7500000.0
469,2200.0,4.0,3.0,"DDA Flats Vasant Kunj, Vasant Kunj Sector C",2.0,23500000.0
470,1100.0,2.0,2.0,Vasant Kunj Sector C,2.0,24000000.0
471,1700.0,3.0,2.0,Vasant Kunj,2.0,31000000.0
472,1100.0,2.0,2.0,Vasant Kunj,3.0,16500000.0
473,1000.0,2.0,2.0,"Kishangarh, Vasant Kunj",1.0,5000000.0
474,1350.0,3.0,2.0,"DDA Pocket 1, Vasant Kunj Sector D",1.0,24000000.0
475,1184.0,2.0,2.0,other,1.0,17000000.0
476,2000.0,4.0,2.0,Vasant Kunj Sector B,1.0,40000000.0
478,900.0,3.0,3.0,Vasant Kunj,2.0,20000000.0
479,4688.0,5.0,4.0,"The Leela Sky Villas, Patel Nagar",1.0,135000000.0
480,750.0,2.0,2.0,"J R Designers Floors, Rohini Sector 24",1.0,5000000.0
481,3901.0,4.0,4.0,"The Leela Sky Villas, Patel Nagar",1.0,93000000.0
482,950.0,3.0,2.0,"Uttam Nagar Floors, Uttam Nagar",1.0,4370000.0
483,1000.0,3.0,2.0,"Virat Residency, Dwarka Mor",1.0,4620000.0
486,1350.0,3.0,2.0,"MTNL Employees House Welfare Society, Dwarka Sector 24",1.0,5130000.0
488,1387.0,4.0,4.0,"Delhi Homes Yojana, Dwarka Sector 24",1.0,5890000.0
490,976.0,2.0,2.0,"Godrej South Estate, Okhla",1.0,24900000.0
491,1050.0,3.0,2.0,"The Elite Spire, Dwarka Sector 21",1.0,3700000.0
492,2700.0,4.0,3.0,other,1.0,60000000.0
493,1500.0,3.0,2.0,"Kunj Vihar Apartment, Dwarka Sector 12",1.0,17400000.0
496,1000.0,3.0,2.0,"Partap Homes, Bhagwati Vihar, Uttam Nagar",1.0,5510000.0
497,1135.0,3.0,3.0,"The Amaryllis, Karol Bagh",2.0,25000000.0
498,2306.0,3.0,3.0,"The Leela Sky Villas, Patel Nagar",1.0,57000000.0
499,850.0,2.0,2.0,other,1.0,2940000.0
500,1200.0,3.0,3.0,"Ashirwad Apartments, Dwarka Sector 12",1.0,15500000.0
501,1700.0,3.0,2.0,"Sunny Valley Apartments, Dwarka",1.0,17200000.0
502,1800.0,4.0,3.0,other,2.0,55000000.0
503,1100.0,2.0,2.0,Vasant Kunj,1.0,15000000.0
504,22050.0,4.0,4.0,Greater Kailash 1,2.0,51000000.0
505,1550.0,4.0,3.0,Rohini Sector 24,1.0,13000000.0
506,1600.0,3.0,3.0,Greater Kailash 1,1.0,30000000.0
507,700.0,2.0,2.0,other,1.0,2400000.0
520,1750.0,4.0,4.0,Vasant Kunj Sector C,1.0,29000000.0
521,2210.0,4.0,3.0,"Sukhdev Vihar, Okhla",1.0,41000000.0
524,380.0,1.0,1.0,Geeta Colony,1.0,2200000.0
525,904.1676,2.0,2.0,"Taj Enclave, Khairatabad",1.0,21500000.0
531,900.0,2.0,1.0,"Sitaram Bazar, Chandni Chowk",1.0,6200000.0
532,1650.0,4.0,3.0,Shahdara,1.0,14000000.0
533,1000.0,2.0,2.0,Laxmi Nagar,1.0,7500000.0
534,852.0,2.0,2.0,Shahdara How Auctions work? The borrower has the physical possession of the Property. However the lender (Bank) can legally sell the Property. super area 852 sqft status Ready to Move transaction Resale ownership Freehold bathroom 2 Contact Now Enquire Now Auction By,1.0,2670000.0
535,700.0,2.0,2.0,Shahdara,1.0,2500000.0
536,990.0,3.0,2.0,Laxmi Nagar,1.0,4000000.0
538,1000.0,2.0,2.0,Laxmi Nagar,1.0,5000000.0
539,1700.0,4.0,3.0,Saket,2.0,29500000.0
540,1350.0,3.0,2.0,"Anupam Enclave, Saket",1.0,19000000.0
541,2100.0,4.0,3.0,Saket,1.0,25500000.0
542,2600.0,4.0,4.0,Saket,3.0,75000000.0
544,1450.0,3.0,3.0,"RWA Flats, Saket",1.0,34000000.0
545,2050.0,4.0,4.0,Saket,1.0,47500000.0
547,1800.0,3.0,3.0,"Saket Court Residential Complex, Saket",2.0,23000000.0
548,900.0,3.0,2.0,other,1.0,24000000.0
549,1500.0,3.0,2.0,"RWA Flats, Saket",2.0,21500000.0
550,1500.0,3.0,2.0,Saket,1.0,28500000.0
551,1800.0,4.0,4.0,"Project Paryavaran Complex, Saket",1.0,12500000.0
552,1674.0,3.0,3.0,Saket,1.0,45000000.0
553,2025.0,4.0,3.0,Saket,2.0,30500000.0
554,1300.0,3.0,3.0,Saket,3.0,22500000.0
555,990.0,3.0,3.0,other,1.0,28000000.0
556,2100.0,3.0,4.0,Saket,2.0,25000000.0
557,2250.0,4.0,4.0,Saket,2.0,33700000.0
558,1500.0,3.0,3.0,Saket,1.0,27000000.0
559,2700.0,4.0,4.0,Saket,2.0,43500000.0
560,1700.0,3.0,3.0,"RWA Flats, Saket",2.0,29000000.0
561,1700.0,3.0,3.0,Saket,2.0,30000000.0
562,2050.0,4.0,4.0,Saket,2.0,52100000.0
563,1800.0,3.0,3.0,Saket,1.0,32500000.0
564,1500.0,3.0,2.0,Saket,1.0,20500000.0
565,2000.0,4.0,3.0,Saket,1.0,25000000.0
566,1500.0,3.0,3.0,Saket,2.0,30000000.0
568,2475.0,4.0,4.0,Saket,1.0,31000000.0
571,1500.0,3.0,3.0,Safdarjung Enclave,4.0,37500000.0
572,2100.0,4.0,4.0,Safdarjung Enclave,3.0,55000000.0
573,1800.0,4.0,4.0,Safdarjung Enclave,2.0,87500000.0
574,1100.0,2.0,2.0,Safdarjung Enclave,1.0,16300000.0
575,2035.0,4.0,4.0,Safdarjung Enclave,2.0,65000000.0
576,1100.0,3.0,3.0,"Safdarjung Enclave carpet area 1100 sqft status Ready to Move floor Ground out of 4 floors transaction Resale furnishing Unfurnished facing North - East overlooking Garden/Park, Main Road car parking 1 Covered, 1 Open bathroom 3 balcony 3 ownership Freehold if you are searching for your dream house, congratulation. you're not so far from your destiny. we got unbeatable ground floor in b-block safdarjung enclave for sale. it is in 150 yds. It has 3 large king sized bedroom attached bathroom with Jacuzzi and roof top shower with all other fittings. it has modular kitchen with all needed facility. it has 3 big balcony with amazing out side view. it has 1 servant quarter also. it has 1 reserved car parking with gated society. It has 24*7 water supply with full power backup. for more information contact us at once because it can be your dream house. read more Contact Agent View Phone No. Share Feedback Crisil Silver Agent Sagar Home Developers Pvt. Ltd. 1000+ Buyers Served",1.0,25000000.0
577,1550.0,3.0,3.0,Safdarjung Enclave,1.0,38000000.0
578,700.0,2.0,2.0,Safdarjung Enclave,1.0,15000000.0
580,540.0,1.0,1.0,"Arjun Nagar, Safdarjung Enclave",1.0,3000000.0
581,810.0,2.0,2.0,other,1.0,8500000.0
582,3250.0,4.0,4.0,"Safdarjung Enclave carpet area 3250 sqft status Ready to Move floor 1 out of 4 floors transaction Resale furnishing Semi-Furnished facing North - East overlooking Garden/Park, Main Road car parking 1 Covered bathroom 4 balcony 3 ownership Freehold Near Buy Green park Metro station. The location of the property is Awesome and Peaceful. The construction is very Highend and Very tasteful Done-up. The Same property is location on the FF. 4 Side corner read more Contact Agent Enquire Now Share Feedback Crisil Silver Agent Findahouse Real Estate Consultants LLP 2000+ Buyers Served",1.0,55000000.0
583,1600.0,3.0,3.0,Safdarjung Enclave,2.0,22500000.0
584,4000.0,4.0,4.0,Safdarjung Enclave,1.0,72500000.0
586,900.0,3.0,3.0,other,1.0,12500000.0
587,972.0,2.0,2.0,Safdarjung Enclave,1.0,17000000.0
588,4150.0,4.0,4.0,Safdarjung Enclave,3.0,82500000.0
590,1650.0,3.0,3.0,Safdarjung Enclave,1.0,35000000.0
591,2610.0,4.0,4.0,Safdarjung Enclave carpet area 290 sqyrd status Ready to Move floor 2 out of 3 floors transaction Resale furnishing Semi-Furnished facing West overlooking Main Road car parking 2 Open bathroom 4 balcony 3 ownership Freehold Opposite Deer Park.The property comes with independent Terrace. The area is centrally located and close to ring road which allows easy acess to all other areas.Renowned Delhi Lawn Tennis Association is within 10 minutes walking distance.Green park market is walkable distance. read more Contact Owner View Phone No. Share Feedback Owner Hemant pajankar,2.0,42500000.0
592,600.0,2.0,2.0,"Arjun Nagar, Safdarjung Enclave",1.0,4700000.0
594,2250.0,4.0,4.0,Safdarjung Enclave,3.0,80000000.0
597,1450.0,3.0,3.0,"Safdarjung Enclave carpet area 1450 sqft status Ready to Move floor 3 out of 4 floors transaction Resale furnishing Semi-Furnished facing North - East overlooking Garden/Park, Main Road car parking 1 Covered, 1 Open bathroom 3 balcony 2 ownership Freehold Park facing builder floor apartment available for sale in safderjung enclave, 3 bedroom with attached bathroom, drawing dinning, modular kitchen. the property is on the top floor of a four storey building with terrace right, servant quarter, 1 car parking in stilt. read more Contact Agent View Phone No. Share Feedback Agent Delhi Homes Realty 1000+ Buyers Served",1.0,37500000.0
598,2200.0,4.0,4.0,"Safdarjung Enclave super area 2200 sqft status Ready to Move floor 2 out of 4 floors transaction New Property furnishing Semi-Furnished facing South overlooking Main Road car parking 3 Covered, 2 Open bathroom 4 balcony 3 ownership Freehold Newly Constructed Property Wide Road 450 Yards 2nd floor brand new 4 bhk attached bathrooms with full lighted and ventilated house.Most Valuable DealSEE TO BELIEVE read more Contact Agent View Phone No. Share Feedback Crisil Bronze Agent Panchsheel Homes 500+ Buyers Served",3.0,52500000.0
605,1800.0,3.0,2.0,other,1.0,26500000.0
606,780.0,2.0,2.0,Paschim Vihar How Auctions work? The borrower has the physical possession of the Property. However the lender (Bank) can legally sell the Property. carpet area 780 sqft status Ready to Move floor Ground out of 3 floors transaction Resale furnishing Unfurnished facing West bathroom 2 balcony 1 ownership Freehold Contact Now Enquire Now Auction By Bank,1.0,8770000.0
607,405.0,1.0,1.0,"DDA Lig Flats, Paschim Vihar carpet area 45 sqyrd status Ready to Move floor 4 out of 4 floors transaction Resale furnishing Semi-Furnished facing East overlooking Garden/Park, Main Road society DDA Lig Flats bathroom 1 balcony 1 ownership Freehold East Facing Property Expected price for the Flat is kept at 45 Lac. This is a 1 bedroom apartment present in DDA Lig Flats, Paschim Vihar. It measures an area of 45 Sq-m. It is on 4 floor out of 4 floors in the tower and is also well ventilated. The Flat has 1 washroom and also has 1 spacious balcony. read more Contact Owner View Phone No. Share Feedback Owner Anil",1.0,4500000.0
608,900.0,2.0,3.0,Paschim Vihar,1.0,8500000.0
609,807.2925,2.0,2.0,"Archana Apartment, Paschim Vihar",1.0,8600000.0
610,2700.0,4.0,3.0,other,1.0,42500000.0
611,1100.0,3.0,2.0,Paschim Vihar,2.0,13100000.0
613,2152.78,3.0,3.0,"Mianwali Nagar, Paschim Vihar",2.0,30000000.0
614,960.0,2.0,2.0,"Navbharat Apartment, Paschim Vihar Block B1",2.0,13000000.0
615,1800.0,4.0,3.0,Paschim Vihar Block A2,2.0,23100000.0
616,1100.0,3.0,2.0,Paschim Vihar,1.0,16000000.0
617,900.0,2.0,2.0,Paschim Vihar,1.0,12500000.0
618,1620.0,3.0,3.0,"LIC Colony, Paschim Vihar",1.0,24500000.0
619,378.0,1.0,1.0,other,1.0,3200000.0
621,1350.0,3.0,3.0,"Pushkar Enclave, Paschim Vihar",1.0,15000000.0
623,1580.0,3.0,2.0,"Shubh Niketan, Paschim Vihar",1.0,21000000.0
624,820.0,2.0,3.0,Paschim Vihar,1.0,7500000.0
626,14220.0,3.0,3.0,other,1.0,27500000.0
628,1500.0,3.0,2.0,"Sunder Apartments, Sunder Vihar, Paschim Vihar",2.0,18000000.0
654,1000.0,2.0,2.0,"Kailash Apartments, Aashirwaad Chowk, Dwarka",1.0,10700000.0
655,1500.0,3.0,2.0,"New Jyoti Apartments, Aashirwaad Chowk, Dwarka",1.0,16200000.0
656,1700.0,3.0,2.0,"Green Heavens Apartment, Aashirwaad Chowk, Dwarka",1.0,16500000.0
657,1750.0,3.0,2.0,"PNB Employees Apartment, Aashirwaad Chowk, Dwarka",1.0,14900000.0
658,2700.0,4.0,3.0,"Sadbhawna CGHS, Aashirwaad Chowk, Dwarka",1.0,27500000.0
661,1500.0,3.0,3.0,Commonwealth Games Village 2010,3.0,35500000.0
662,2105.0,3.0,3.0,"Common Wealth Games Village, Commonwealth Games Village 2010",3.0,42100000.0
664,2090.0,3.0,4.0,"Common Wealth Games Village, Commonwealth Games Village 2010",2.0,44000000.0
666,2500.0,4.0,4.0,"Project Commonwealth Games Village 2010, Commonwealth Games Village 2010",2.0,52500000.0
667,2100.0,3.0,4.0,"Common Wealth Games Village, Commonwealth Games Village 2010",2.0,34300000.0
668,2022.0,3.0,3.0,"Project Commonwealth Games Village 2010, Akshardham Temple",2.0,38000000.0
670,1850.0,3.0,3.0,"Common Wealth Games Village, Commonwealth Games Village 2010",2.0,37500000.0
671,2100.0,3.0,3.0,"Common Wealth Games Village, Commonwealth Games Village 2010",2.0,37000000.0
672,1700.0,3.0,4.0,Commonwealth Games Village 2010,2.0,40000000.0
673,2105.0,3.0,3.0,"Common Wealth Games Village, Commonwealth Games Village 2010",2.0,36200000.0
674,1250.0,2.0,3.0,"Common Wealth Games Village, Commonwealth Games Village 2010",1.0,29000000.0
677,2125.0,3.0,3.0,"Project Commonwealth Games Village 2010, Commonwealth Games Village 2010",2.0,36500000.0
678,2065.0,3.0,4.0,"Common Wealth Games Village, Commonwealth Games Village 2010",2.0,42500000.0
679,3405.0,5.0,4.0,"Common Wealth Games Village, Commonwealth Games Village 2010",3.0,71500000.0
682,1455.0,2.0,2.0,Commonwealth Games Village 2010,2.0,27500000.0
685,1400.0,2.0,3.0,"Common Wealth Games Village, Commonwealth Games Village 2010",3.0,28600000.0
686,2126.0,3.0,3.0,"Common Wealth Games Village, Commonwealth Games Village 2010",2.0,39000000.0
687,1815.0,3.0,3.0,Commonwealth Games Village 2010,2.0,32500000.0
688,1700.0,3.0,3.0,"Project Commonwealth Games Village 2010, Commonwealth Games Village 2010",2.0,34000000.0
700,1600.0,3.0,3.0,"Narmada Apartment, Alaknanda",2.0,20000000.0
701,1400.0,3.0,3.0,other,1.0,18000000.0
702,1400.0,3.0,2.0,Alaknanda,1.0,19000000.0
703,2700.0,4.0,4.0,other,2.0,36500000.0
704,1100.0,2.0,2.0,Alaknanda,2.0,15000000.0
705,1200.0,2.0,2.0,Alaknanda,2.0,17500000.0
706,1400.0,2.0,2.0,Alaknanda,2.0,14000000.0
707,1500.0,3.0,3.0,other,2.0,21000000.0
708,1320.0,3.0,2.0,Alaknanda,2.0,15600000.0
709,1300.0,3.0,3.0,other,2.0,19000000.0
710,1150.0,2.0,2.0,"Narmada Apartment, Alaknanda",1.0,16500000.0
711,1440.0,3.0,3.0,Alaknanda,1.0,19000000.0
712,1400.0,2.0,2.0,"Nilgiri Apartment, Alaknanda",1.0,16500000.0
713,450.0,1.0,1.0,Alaknanda,1.0,3000000.0
714,1300.0,2.0,2.0,other,1.0,15000000.0
715,1200.0,2.0,2.0,"Nilgiri Apartment, Alaknanda",1.0,14300000.0
716,1300.0,3.0,2.0,"Nilgiri Apartment, Alaknanda",1.0,18500000.0
717,1400.0,3.0,3.0,other,1.0,19000000.0
718,1400.0,3.0,3.0,Alaknanda,1.0,19000000.0
744,1800.0,4.0,4.0,other,2.0,12000000.0
745,1300.0,3.0,3.0,other,1.0,20000000.0
746,1150.0,2.0,2.0,Sarita Vihar Pocket B,1.0,13500000.0
747,1500.0,3.0,2.0,Sarita Vihar Pocket F,1.0,14000000.0
748,1150.0,2.0,2.0,"DDA Flats, Sarita Vihar, Mathura Road carpet area 1150 sqft status Ready to Move floor 3 out of 3 floors transaction Resale furnishing Semi-Furnished facing North - East overlooking Main Road society DDA Flats car parking 2 Open bathroom 2 balcony 3 ownership Freehold 2 BHK flat available for sale in sarita vihar excellent interiors flooring in all bedrooms complete wood work modular kitchen beautiful bathrooms extremely well maintained ample parking space read more Contact Agent View Phone No. Share Feedback Lavish Associates Certified Agent Trusted by Users Genuine Listings Market Knowledge",2.0,10800000.0
752,450.0,1.0,1.0,"New Manglapuri, Sultanpur",1.0,2350000.0
753,1350.0,3.0,3.0,Sultanpur,1.0,8500000.0
754,445.0,1.0,2.0,Sultanpur Extension,1.0,1650000.0
755,1200.0,2.0,2.0,"Manglapuri, Sultanpur",1.0,10000000.0
757,1100.0,2.0,2.0,"Sultanpur carpet area 1100 sqft status Ready to Move floor 1 out of 4 floors transaction Resale furnishing Semi-Furnished overlooking Main Road car parking 1 Covered bathroom 2 balcony 2 ownership Freehold 2 bhk flat available in sultanpur, near metro station, loan facility available, with registry, all the modern facilities are variable, with car parking, near market, fully ventilated. read more Contact Agent View Phone No. Share Feedback Agent Delhi Dream 3500+ Buyers Served",1.0,2800000.0
758,700.0,2.0,2.0,Sultanpur Extension,1.0,2600000.0
759,500.0,1.0,1.0,"New Manglapuri, Sultanpur",1.0,2350000.0
760,540.0,1.0,1.0,Sultanpur Extension,1.0,2350000.0
761,450.0,1.0,1.0,Sultanpur,1.0,2000000.0
762,800.0,2.0,2.0,Sultanpur,1.0,5000000.0
763,700.0,2.0,2.0,"New Manglapuri, Sultanpur",1.0,3500000.0
764,750.0,2.0,2.0,Sultanpur,1.0,4500000.0
765,750.0,2.0,2.0,Sultanpur,1.0,4000000.0
766,1600.0,3.0,3.0,"New Manglapuri, Sultanpur",1.0,10800000.0
767,1000.0,3.0,2.0,"New Manglapuri, Sultanpur",1.0,10000000.0
768,1600.0,3.0,3.0,"New Manglapuri, Sultanpur",1.0,10800000.0
769,900.0,3.0,2.0,"Manglapuri, Sultanpur",1.0,9000000.0
770,1700.0,3.0,3.0,"New Manglapuri, Sultanpur",1.0,8500000.0
771,1100.0,3.0,2.0,"New Manglapuri, Sultanpur",1.0,6000000.0
772,1000.0,3.0,3.0,"New Manglapuri, Sultanpur",1.0,5500000.0
773,1000.0,3.0,2.0,"Manglapuri, Sultanpur",1.0,7000000.0
774,1100.0,3.0,2.0,Sultanpur,1.0,6000000.0
776,900.0,2.0,2.0,"Indra Park Palam, Manglapuri",1.0,3100000.0
777,600.0,2.0,2.0,Sultanpur,1.0,4500000.0
778,360.0,1.0,1.0,"Indra Park Palam, Manglapuri",1.0,1500000.0
794,725.0,2.0,2.0,Chhattarpur,1.0,3000000.0
795,900.0,3.0,2.0,Chhattarpur,1.0,4900000.0
796,750.0,2.0,2.0,Chhattarpur,1.0,3500000.0
797,700.0,2.0,2.0,Chhattarpur Enclave Phase2,1.0,3000000.0
798,950.0,3.0,2.0,Chhattarpur,1.0,7020000.0
799,1600.0,3.0,4.0,"DLF Chattarpur Farms, Chhattarpur",1.0,60000000.0
800,900.0,2.0,2.0,Chhattarpur,1.0,3500000.0
801,1500.0,3.0,3.0,Chhattarpur,1.0,7000000.0
803,1035.0,3.0,3.0,Chhattarpur Enclave Phase2,1.0,4500000.0
805,1300.0,3.0,3.0,Chhattarpur,1.0,4400000.0
806,765.0,2.0,2.0,Chhattarpur,4.0,2500000.0
807,580.0,1.0,1.0,Chhattarpur Enclave Phase2,1.0,1600000.0
808,1750.0,3.0,3.0,Chhattarpur Enclave Phase2,1.0,6500000.0
812,850.0,2.0,2.0,Mehrauli,1.0,2800000.0
814,405.0,1.0,1.0,Mehrauli,1.0,1800000.0
815,1350.0,3.0,3.0,Mehrauli,1.0,8500000.0
816,1350.0,3.0,3.0,Mehrauli,1.0,8500000.0
817,450.0,1.0,1.0,Mehrauli,1.0,1700000.0
818,1300.0,3.0,3.0,"Mehrauli carpet area 1300 sqft status Ready to Move floor 2 out of 4 floors transaction New Property furnishing Semi-Furnished facing East overlooking Garden/Park, Main Road car parking 2 Covered bathroom 3 balcony 2 ownership Freehold 3 bhk flat with attached washroom, modular kitchen, IInd floor, one car and one bike parking, lift, gated society, security, cctv camera, water backup. read more Contact Agent View Phone No. Share Feedback Agent India Bhoomi",2.0,7000000.0
819,1050.0,3.0,2.0,Mehrauli,2.0,5600000.0
820,1675.0,4.0,3.0,Mehrauli,2.0,13500000.0
821,1250.0,3.0,3.0,Mehrauli,2.0,8500000.0
824,1250.0,3.0,2.0,Mehrauli carpet area 1250 sqft status Ready to Move floor Ground out of 8 floors transaction Resale furnishing Semi-Furnished facing East overlooking Main Road car parking 1 Covered bathroom 2 balcony 3 ownership Freehold The flat located are very good condition and well developed area. The flat area are very spaciable. This flat balcony view is very best society very neat and clean. read more Contact Agent View Phone No. Share Feedback Agent Bharti Real Estate 100+ Buyers Served,1.0,6500000.0
825,1500.0,3.0,3.0,other,1.0,8400000.0
826,1350.0,3.0,3.0,Mehrauli,1.0,8500000.0
827,855.0,2.0,2.0,Mehrauli,1.0,4000000.0
828,540.0,1.0,1.0,Mehrauli,1.0,1700000.0
829,1044.0983,3.0,2.0,Mehrauli,1.0,6000000.0
830,405.0,1.0,1.0,Mehrauli,1.0,1600000.0
831,500.0,1.0,2.0,Mehrauli,1.0,2100000.0
832,450.0,1.0,1.0,Mehrauli,1.0,1700000.0
833,405.0,1.0,1.0,other,1.0,1500000.0
834,405.0,1.0,1.0,Mehrauli,1.0,1200000.0
835,450.0,1.0,1.0,"Brijwasi Colony, Mehrauli",1.0,1650000.0
837,1100.0,3.0,2.0,Mehrauli,1.0,8500000.0
838,600.0,2.0,2.0,Mehrauli,1.0,3200000.0
850,770.0,2.0,2.0,Mahavir Enclave,1.0,3790000.0
852,710.0,2.0,2.0,Mahavir Enclave,1.0,2900000.0
853,950.0,3.0,2.0,Mahavir Enclave Part 1,1.0,5000000.0
854,450.0,1.0,1.0,Mahavir Enclave Part 1,1.0,2100000.0
856,600.0,2.0,1.0,Mahavir Enclave Part 1,1.0,3000000.0
857,420.0,1.0,1.0,Mahavir Enclave Part 1,1.0,2300000.0
858,900.0,3.0,2.0,Mahavir Enclave Part 1,1.0,5900000.0
859,945.0,3.0,2.0,Mahavir Enclave Part 1,1.0,5500000.0
862,430.0,1.0,1.0,Mahavir Enclave,1.0,1850000.0
870,450.0,1.0,1.0,other,2.0,2200000.0
871,900.0,2.0,2.0,"DDA Flats Pocket 1 Sector A9, Narela",2.0,3800000.0
872,360.0,1.0,1.0,"DDA Janta Flats, Tikri Khurd Sector B2, Narela",1.0,1800000.0
874,350.0,1.0,1.0,Narela,3.0,2500000.0
882,379.0,1.0,1.0,"DDA Lig Flats, Narela",1.0,1600000.0
884,445.0,1.0,1.0,Narela Mandi,1.0,1500000.0
886,350.0,1.0,1.0,Narela,1.0,1490000.0
887,437.0,1.0,1.0,"DDA Lig Flats, Narela",1.0,3500000.0
890,900.0,2.0,2.0,Narela Sector A9,1.0,4600000.0
891,350.0,1.0,1.0,"DDA Lig Flats, Narela",1.0,1800000.0
894,4900.0,1.0,1.0,"DDA Lig Flats, Narela",1.0,1000000.0
895,2077.4327,1.0,1.0,"DDA Flats Pocket 3, Narela",1.0,1000000.0
897,990.0,3.0,2.0,Narela,1.0,5000000.0
898,425.0,1.0,1.0,Narela,1.0,2200000.0
905,3000.0,4.0,4.0,"Geetanjali Enclave Project, Geetanjali Enclave, Malviya Nagar",2.0,67000000.0
906,850.0,2.0,2.0,Malviya Nagar,2.0,8500000.0
907,750.0,2.0,2.0,Malviya Nagar,2.0,11500000.0
909,800.0,2.0,2.0,Malviya Nagar,1.0,12000000.0
911,700.0,2.0,2.0,Malviya Nagar,1.0,9000000.0
912,2316.0,3.0,4.0,other,1.0,100000000.0
913,900.0,3.0,2.0,other,1.0,6200000.0
915,900.0,2.0,3.0,"Malviya Nagar carpet area 100 sqyrd status Ready to Move floor 2 out of 3 floors transaction Resale furnishing Semi-Furnished facing North overlooking Garden/Park, Main Road car parking 2 Open bathroom 3 balcony 2 ownership Freehold It's a Corner three story building, located in South Delhi. Amenities like Market, Schools, Hospitals, Parks, Gyms, Study Centers, Temple are all around. Very Close to Malviya Nagar Metro and Haus Khas Metro Station. Centerlize place to live. Whether you go to Gurgaon or Noida Or to other parts of the city, commuting from here is very easy. read more Contact Owner View Phone No. Share Feedback Owner Rohit",2.0,12500000.0
916,1500.0,2.0,2.0,Malviya Nagar,3.0,13000000.0
918,2000.0,4.0,4.0,Malviya Nagar,2.0,36000000.0
919,500.0,1.0,1.0,Malviya Nagar,2.0,2300000.0
920,1125.0,2.0,2.0,Malviya Nagar,2.0,8100000.0
921,1300.0,3.0,3.0,Malviya Nagar,1.0,10000000.0
924,1290.0,3.0,2.0,Malviya Nagar,2.0,20000000.0
925,2250.0,4.0,4.0,other,2.0,57500000.0
926,1350.0,3.0,3.0,"Shivalik, Malviya Nagar",2.0,30000000.0
927,1400.0,3.0,3.0,"Shivalik, Malviya Nagar",1.0,30000000.0
928,1700.0,3.0,3.0,"Shivalik, Malviya Nagar",2.0,30000000.0
934,900.0,2.0,2.0,"Dilshad Colony, Dilshad Garden",2.0,6900000.0
935,400.0,1.0,1.0,"Dilshad Colony, Dilshad Garden",1.0,3600000.0
936,900.0,3.0,2.0,"Dilshad Colony, Dilshad Garden",2.0,13500000.0
937,1000.0,3.0,2.0,"DDA Flats Block A, Dilshad Garden",1.0,9200000.0
938,405.0,1.0,1.0,"Dilshad Colony, Dilshad Garden",1.0,2500000.0
939,1700.0,3.0,2.0,"DDA Flats Block A, Dilshad Garden",1.0,17000000.0
942,750.0,2.0,1.0,"DDA Pocket JK, Dilshad Garden",2.0,6500000.0
944,370.0,1.0,1.0,"Dilshad Colony, Dilshad Garden",2.0,2400000.0
945,1800.0,3.0,3.0,"Dilshad Colony, Dilshad Garden",1.0,15000000.0
946,1080.0,3.0,1.0,Dilshad Garden,1.0,7000000.0
947,350.0,1.0,1.0,"DDA Pocket E, Dilshad Garden",1.0,4200000.0
949,900.0,3.0,2.0,"Dilshad Colony, Dilshad Garden",1.0,4800000.0
950,800.0,2.0,2.0,"Dilshad Colony, Dilshad Garden",1.0,7500000.0
951,350.0,1.0,1.0,"DDA Flats Pocket O, Dilshad Garden",1.0,3000000.0
952,430.556,1.0,1.0,Dilshad Garden,1.0,4300000.0
953,500.0,1.0,1.0,"Dilshad Colony, Dilshad Garden",1.0,2600000.0
954,1450.0,2.0,2.0,Dilshad Garden,1.0,7000000.0
955,800.0,2.0,2.0,"Dilshad Colony, Dilshad Garden",1.0,6000000.0
956,1000.0,2.0,2.0,"Dilshad Colony, Dilshad Garden",1.0,6700000.0
957,1000.0,3.0,3.0,"DDA Pocket I, Dilshad Garden",1.0,9500000.0
958,1600.0,3.0,2.0,"DDA Flats Block A, Dilshad Garden",1.0,17000000.0
976,1450.0,3.0,2.0,"Satyam Apartment, Vasundhara Enclave",1.0,14000000.0
977,1450.0,3.0,3.0,"Abhimanyu Apartments, Vasundhara Enclave",1.0,11600000.0
978,1150.0,3.0,3.0,Vasundhara Enclave,1.0,12000000.0
979,780.0,2.0,2.0,Vasundhara Enclave,1.0,7500000.0
980,1300.0,3.0,2.0,"Anekant Apartment, Vasundhara Enclave",2.0,9800000.0
981,1350.0,3.0,3.0,"New Delhi Apartment, Vasundhara Enclave",1.0,12000000.0
982,1200.0,3.0,2.0,"Mahesh Apartment, Vasundhara Enclave",1.0,12500000.0
983,1460.0,3.0,3.0,"Pawittra Apartment, Vasundhara Enclave",1.0,16500000.0
984,1460.0,3.0,3.0,Vasundhara Enclave,1.0,12000000.0
985,1100.0,2.0,2.0,Vasundhara Enclave,1.0,7200000.0
986,1500.0,3.0,3.0,"Capital Apartment, Vasundhara Enclave",2.0,15000000.0
987,1050.0,2.0,2.0,"Hindon Apartment, Vasundhara Enclave",1.0,10000000.0
988,1350.0,3.0,3.0,"Gobind Apartment, Vasundhara Enclave",1.0,11000000.0
989,1500.0,2.0,2.0,"Godrej South Estate, Okhla",2.0,24700000.0
990,976.0,2.0,2.0,"Godrej South Estate, Okhla",2.0,24900000.0
992,450.0,1.0,1.0,"Batla House, Okhla",1.0,1700000.0
993,900.0,2.0,2.0,"Sukhdev Vihar, Okhla",1.0,11000000.0
994,2500.0,4.0,4.0,"Sukhdev Vihar, Okhla",2.0,75000000.0
995,979.5149,2.0,2.0,"Godrej South Estate, Okhla Phase 1",1.0,24800000.0
996,945.0,2.0,2.0,"Godrej South Estate, Okhla Phase 1",1.0,24900000.0
997,976.0,2.0,2.0,"Godrej South Estate, Okhla Phase 1",2.0,24900000.0
998,1531.0,2.0,2.0,"Godrej South Estate, Okhla",2.0,25900000.0
999,1000.0,2.0,2.0,"Sukhdev Vihar, Okhla",2.0,11700000.0
1001,900.0,3.0,2.0,"Abul Fazal Enclave Part-II, Okhla",1.0,5500000.0
1002,1512.0,2.0,2.0,"Godrej South Estate, Okhla",1.0,30000000.0
1004,1500.0,3.0,2.0,"Sukhdev Vihar, Okhla",1.0,16000000.0
1005,2907.0,4.0,4.0,"Sukhdev Vihar, Okhla",1.0,30000000.0
1006,2210.0,4.0,3.0,"Sukhdev Vihar, Okhla",1.0,41000000.0
1007,750.0,2.0,2.0,"Abul Fazal Enclave Part-II, Okhla",1.0,3800000.0
1011,1100.0,3.0,3.0,"Sukhdev Vihar, Okhla",2.0,12500000.0
1014,1260.0,3.0,2.0,"Abul Fazal Enclave Part 1, Okhla",1.0,7000000.0
1015,675.0,2.0,2.0,"Abul Fazal Enclave Part-II, Okhla",1.0,3100000.0
1016,810.0,2.0,2.0,"Sukhdev Vihar, Okhla",1.0,14500000.0
1018,2000.0,4.0,4.0,"Sukhdev Vihar, Okhla",1.0,27500000.0
1019,1775.0,3.0,3.0,"The Amaryllis, Karol Bagh",1.0,25500000.0
1020,1135.0,3.0,3.0,"The Amaryllis, Karol Bagh",2.0,25000000.0
1021,1252.0,2.0,2.0,"The Amaryllis, Karol Bagh",1.0,18500000.0
1022,2000.0,4.0,4.0,"The Amaryllis, Karol Bagh",1.0,39700000.0
1024,1332.0,3.0,2.0,"Beadon Pura, Karol Bagh How Auctions work? The borrower has the physical possession of the Property. However the lender (Bank) can legally sell the Property. carpet area 148 sqyrd status Ready to Move floor 3 out of 3 floors transaction Resale furnishing Semi-Furnished bathroom 2 balcony 3 ownership Freehold Contact Now Enquire Now Auction By Bank",1.0,6540000.0
1025,1017.0,3.0,3.0,"The Amaryllis, Karol Bagh",1.0,22000000.0
1026,1775.0,3.0,3.0,"The Amaryllis, Karol Bagh",1.0,25500000.0
1027,987.0,2.0,2.0,"The Amaryllis, Karol Bagh",1.0,17000000.0
1028,1912.0,3.0,3.0,"The Amaryllis, Karol Bagh",1.0,27500000.0
1030,2805.0,4.0,4.0,"The Amaryllis, Karol Bagh",2.0,52300000.0
1031,1500.0,3.0,3.0,"DDA Mig Flat, Prasad Nagar, Karol Bagh",2.0,16000000.0
1032,1280.0,3.0,3.0,Karol Bagh,2.0,15000000.0
1033,1775.0,3.0,3.0,"The Amaryllis, Karol Bagh",1.0,25500000.0
1034,675.0,2.0,2.0,Karol Bagh,1.0,10000000.0
1036,1206.0,3.0,3.0,Karol Bagh,1.0,20000000.0
1037,1143.0,2.0,2.0,other,1.0,16000000.0
1038,345.0,1.0,1.0,Karol Bagh,1.0,5500000.0
1039,720.0,2.0,1.0,"Dev Nagar, Karol Bagh",1.0,7000000.0
1041,1600.0,3.0,3.0,"Karol Bagh carpet area 1600 sqft status Ready to Move floor 3 out of 3 floors transaction New Property furnishing Semi-Furnished facing East overlooking Garden/Park, Main Road car parking 1 Covered, 1 Open bathroom 3 balcony 2 ownership Freehold Near to Karol Bagh Metro station...................................... Its a very peaceful location ....................................................................................................................... read more Contact Agent View Phone No. Share Feedback Agent S R B Properties",1.0,24000000.0
1042,950.0,2.0,2.0,other,1.0,12500000.0
1044,1200.0,3.0,2.0,Karol Bagh,1.0,14500000.0
1045,1501.0,3.0,2.0,"The Amaryllis, Karol Bagh",1.0,20000000.0
1046,1135.0,3.0,3.0,"The Amaryllis, Karol Bagh",2.0,24500000.0
1047,1200.0,3.0,2.0,"The Amaryllis, Karol Bagh",1.0,20900000.0
1048,2200.0,3.0,3.0,"The Amaryllis, Karol Bagh",1.0,43100000.0
1057,2800.0,4.0,4.0,"DLF Capital Greens, New Moti Nagar, Kirti Nagar",2.0,40000000.0
1058,1646.0,3.0,3.0,"DLF Capital Greens, New Moti Nagar, Kirti Nagar",1.0,20000000.0
1059,900.0,2.0,2.0,"New Moti Nagar, Kirti Nagar",1.0,6700000.0
1060,1250.0,3.0,2.0,"DLF Capital Greens, New Moti Nagar, Kirti Nagar",1.0,16000000.0
1061,900.0,3.0,2.0,"New Moti Nagar, Kirti Nagar",1.0,8000000.0
1062,1590.0,3.0,2.0,"DLF Capital Greens, New Moti Nagar, Kirti Nagar",2.0,25000000.0
1063,990.0,3.0,2.0,"New Moti Nagar, Kirti Nagar",2.0,25000000.0
1065,1260.0,3.0,3.0,"DLF Capital Greens, New Moti Nagar, Kirti Nagar",1.0,25000000.0
1066,1457.0,3.0,3.0,"New Moti Nagar, Kirti Nagar",1.0,23000000.0
1067,1400.0,3.0,2.0,"New Moti Nagar, Kirti Nagar",2.0,17500000.0
1068,2175.0,4.0,4.0,"DLF Capital Greens, Moti Nagar, Kirti Nagar ( 1 km from New Moti Nagar, Kirti Nagar)",1.0,44000000.0
1069,1450.0,3.0,3.0,"DLF Capital Greens, New Moti Nagar, Kirti Nagar",2.0,15000000.0
1071,861.112,2.0,2.0,"New Moti Nagar, Kirti Nagar",2.0,5000000.0
1073,1753.0,3.0,3.0,"DLF Capital Greens, New Moti Nagar, Kirti Nagar",1.0,19000000.0
1075,1550.0,3.0,2.0,"New Moti Nagar, Kirti Nagar",3.0,19500000.0
1076,1470.0,3.0,2.0,"DLF Capital Greens, New Moti Nagar, Kirti Nagar",2.0,14200000.0
1078,1138.0,2.0,2.0,"New Moti Nagar, Kirti Nagar",2.0,13500000.0
1085,1800.0,3.0,4.0,Sheikh Sarai Phase 1,2.0,19000000.0
1086,600.0,1.0,1.0,Sheikh Sarai Phase 2,2.0,7000000.0
1087,1250.0,3.0,3.0,"Panchsheel Vihar, Sheikh Sarai",1.0,5800000.0
1089,1600.0,3.0,4.0,Sheikh Sarai Phase 1,1.0,18800000.0
1090,1100.0,3.0,2.0,"Panchsheel Vihar, Sheikh Sarai",1.0,6000000.0
1091,450.0,1.0,1.0,"Panchsheel Vihar, Sheikh Sarai",1.0,2200000.0
1093,1291.668,3.0,2.0,Sheikh Sarai Phase 1,1.0,23500000.0
1094,1300.0,2.0,2.0,Sheikh Sarai Phase 1,2.0,16000000.0
1095,1350.0,3.0,3.0,Sheikh Sarai Phase 1,2.0,20000000.0
1096,900.0,2.0,2.0,Sheikh Sarai Phase 1,2.0,5500000.0
1097,850.0,2.0,2.0,Sheikh Sarai Phase 1,1.0,13500000.0
1098,1650.0,3.0,3.0,Sheikh Sarai Phase 1,1.0,22500000.0
1099,650.0,2.0,2.0,"Panchsheel Vihar, Sheikh Sarai",1.0,3800000.0
1100,630.0,2.0,2.0,"Apna Apartments, Savitri Nagar Village, Sheikh Sarai",1.0,4600000.0
1101,1250.0,2.0,1.0,Sheikh Sarai Phase 1,2.0,17500000.0
1102,1800.0,4.0,3.0,"Panchsheel Vihar, Sheikh Sarai",2.0,5500000.0
1103,1500.0,3.0,3.0,Sheikh Sarai Phase 1,2.0,22500000.0
1104,1100.0,2.0,2.0,Sheikh Sarai Phase 1,1.0,12500000.0
1105,1400.0,3.0,2.0,Sheikh Sarai Phase 1,2.0,19000000.0
1106,1300.0,2.0,2.0,Sheikh Sarai Phase 1,2.0,15500000.0
1107,1100.0,2.0,2.0,Sheikh Sarai Phase 1,2.0,13500000.0
1108,1600.0,3.0,3.0,Sheikh Sarai Phase 1,2.0,21000000.0
1114,2572.0,3.0,3.0,Punjabi Bagh West,4.0,35000000.0
1115,2100.0,3.0,3.0,"Punjabi Bagh Enclave, Shivaji Park, Punjabi Bagh",1.0,25000000.0
1116,1620.0,3.0,3.0,"Punjabi Bagh Extension, Punjabi Bagh",1.0,29000000.0
1117,2500.0,4.0,4.0,Punjabi Bagh West,2.0,80000000.0
1118,2250.0,3.0,3.0,Punjabi Bagh West,2.0,20500000.0
1119,2445.0,4.0,4.0,"DLF Capitals Phase III, Shivaji Park, Punjabi Bagh",1.0,52500000.0
1120,2250.0,4.0,4.0,other,2.0,37500000.0
1121,800.0,2.0,2.0,"Punjabi Bagh Enclave, Punjabi Bagh West",2.0,7500000.0
1122,1450.0,3.0,3.0,"Punjabi Bagh Enclave, Punjabi Bagh",2.0,32500000.0
1123,1440.0,3.0,3.0,"Punjabi Bagh Extension, Punjabi Bagh",2.0,24500000.0
1125,1800.0,3.0,3.0,other,2.0,27500000.0
1128,807.2925,2.0,1.0,"Punjabi Bagh Extension, Punjabi Bagh",1.0,8000000.0
1129,3500.0,4.0,4.0,Punjabi Bagh West,3.0,75100000.0
1130,1000.0,2.0,2.0,"Punjabi Bagh Enclave, Madipur, Punjabi Bagh",1.0,7800000.0
1131,900.0,2.0,2.0,other,1.0,15000000.0
1132,1800.0,3.0,3.0,Punjabi Bagh East,1.0,27500000.0
1133,17010.0,3.0,3.0,Punjabi Bagh West,2.0,25000000.0
1134,2340.0,4.0,4.0,Punjabi Bagh East,1.0,26000000.0
1135,1350.0,3.0,3.0,Punjabi Bagh East,1.0,23500000.0
1137,954.0,2.0,2.0,Punjabi Bagh East,1.0,10000000.0
1138,1155.0,2.0,2.0,"Pal Mohan Apartments, Punjabi Bagh",1.0,18500000.0
1150,1600.0,3.0,3.0,"Narmada Apartment, Alaknanda",2.0,20000000.0
1151,1400.0,3.0,3.0,other,1.0,18000000.0
1152,1400.0,3.0,2.0,Alaknanda,1.0,19000000.0
1153,2700.0,4.0,4.0,other,2.0,36500000.0
1154,1100.0,2.0,2.0,Alaknanda,2.0,15000000.0
1155,1200.0,2.0,2.0,Alaknanda,2.0,17500000.0
1156,1400.0,2.0,2.0,Alaknanda,2.0,14000000.0
1157,1500.0,3.0,3.0,other,2.0,21000000.0
1158,1320.0,3.0,2.0,Alaknanda,2.0,15600000.0
1159,1300.0,3.0,3.0,other,2.0,19000000.0
1160,1150.0,2.0,2.0,"Narmada Apartment, Alaknanda",1.0,16500000.0
1161,1440.0,3.0,3.0,Alaknanda,1.0,19000000.0
1162,1400.0,2.0,2.0,"Nilgiri Apartment, Alaknanda",1.0,16500000.0
1163,450.0,1.0,1.0,Alaknanda,1.0,3000000.0
1164,1300.0,2.0,2.0,other,1.0,15000000.0
1165,1200.0,2.0,2.0,"Nilgiri Apartment, Alaknanda",1.0,14300000.0
1166,1300.0,3.0,2.0,"Nilgiri Apartment, Alaknanda",1.0,18500000.0
1167,1400.0,3.0,3.0,other,1.0,19000000.0
1168,1400.0,3.0,3.0,Alaknanda,1.0,19000000.0
1186,800.0,2.0,2.0,"Kalkaji super area 800 sqft status Ready to Move floor 3 out of 4 floors transaction Resale furnishing Semi-Furnished facing North - West overlooking Garden/Park, Main Road car parking 1 Open bathroom 2 balcony 2 ownership Freehold 2 bhk flat for sale in kalkaji this is third floor with 2 bed room and bathrooms very peace full location and posh. The Summer Fields School is considered as among the best school of New Delhi and is located just beside to this property. Within the range of 4-5km, you will find some of the well-equipped hospitals which include AIMS Hospital and Moolchand Hospital.for more information about this flat please call me feel free. read more Contact Agent View Phone No. Share Feedback Agent Rose Estate 100+ Buyers Served",1.0,8000000.0
1187,1150.0,2.0,3.0,other,2.0,16100000.0
1188,900.0,3.0,3.0,other,1.0,6800000.0
1189,1070.0,3.0,2.0,Kalkaji Extention,1.0,6800000.0
1190,1050.0,2.0,2.0,Kalkaji Extention,1.0,9000000.0
1191,1000.0,2.0,2.0,"Kalkaji super area 1000 sqft status Ready to Move floor 2 out of 3 floors transaction Resale furnishing Semi-Furnished facing North - West overlooking Garden/Park, Main Road car parking 1 Covered, 1 Open bathroom 2 balcony 2 ownership Freehold Very beautiful 3 bedroom with attached washroom , drawing dining , modular kitchen , ac , servant room , power backup, powder room, separate underground and overhead water tanks, walking distance to market , easy access to ring road . For more details and site visit please contact cosmo properties. read more Contact Agent View Phone No. Share Feedback Agent Zee Associates",1.0,18000000.0
1192,1550.0,3.0,3.0,"Mandakini Enclave Project, Kalkaji",2.0,27500000.0
1193,1300.0,3.0,2.0,"Deshbandhu Apartments, Kalkaji carpet area 1300 sqft status Ready to Move floor 3 out of 4 floors transaction Resale furnishing Unfurnished facing North - East overlooking Garden/Park, Main Road society Deshbandhu Apartments car parking 1 Covered, 1 Open bathroom 2 balcony 2 ownership Freehold Third Floor with terrace 3 bhk builder floor apartment with 2 attached bathrooms located in kalkaji Deshbandu apartment . all water and electrical connections installed, very spacious drawing room , 2 balconies in front and rear each dedicated parking spot for 1 car. extra parking space available for additional cars, Immediately for sale , read more Contact Agent View Phone No. Share Feedback Agent Bhawani Realtors",1.0,13500000.0
1194,810.0,2.0,2.0,other,1.0,14000000.0
1195,900.0,2.0,2.0,other,1.0,9000000.0
1196,1200.0,2.0,2.0,other,1.0,16000000.0
1197,1000.0,2.0,3.0,Kalkaji Extention,1.0,11000000.0
1198,720.0,2.0,2.0,other,1.0,5500000.0
1201,1800.0,3.0,3.0,Hauz Khas,2.0,43500000.0
1203,1800.0,4.0,4.0,Hauz Khas,2.0,80000000.0
1204,2000.0,3.0,3.0,other,2.0,37500000.0
1205,2066.0,4.0,4.0,Hauz Khas,2.0,60000000.0
1206,2050.0,3.0,3.0,"Hauz Khas Enclave, Hauz Khas",2.0,71000000.0
1207,1100.0,3.0,3.0,"Safdarjung Development Area, Hauz Khas",2.0,18500000.0
1208,4500.0,4.0,4.0,Hauz Khas,2.0,70000000.0
1212,1750.0,3.0,3.0,Hauz Khas,2.0,35000000.0
1213,3600.0,4.0,4.0,"Safdarjung Development Area, Hauz Khas",2.0,65000000.0
1214,1200.0,2.0,2.0,"Hauz Khas Enclave, Hauz Khas",1.0,27500000.0
1215,1500.0,3.0,4.0,Hauz Khas,2.0,45000000.0
1216,2250.0,4.0,4.0,"Hauz Khas Enclave, Hauz Khas",3.0,100000000.0
1217,1800.0,3.0,4.0,Hauz Khas,2.0,47000000.0
1218,1600.0,3.0,4.0,Hauz Khas,2.0,27500000.0
1220,1700.0,3.0,3.0,"Sarva Priya Apartment, Hauz Khas carpet area 1700 sqft status Ready to Move floor 1 out of 7 floors transaction Resale furnishing Semi-Furnished facing North - East overlooking Garden/Park society Sarva Priya Apartment car parking 1 Covered, 1 Open bathroom 3 balcony 2 ownership Freehold desperarte sale ,its clear tile, proper cross ventilation ,proper an matter for one week ,crystle sunlight found, and air,ICIC BANK LOAN APPROVAL, good to see , have lucky chance to get such a reraly rare property read more Contact Agent View Phone No. Share Feedback Agent New Capital Properties 1000+ Buyers Served",1.0,36500000.0
1222,1980.0,3.0,4.0,other,1.0,35000000.0
1224,5400.0,4.0,4.0,"Hauz Khas Enclave, Hauz Khas",2.0,110000000.0
1225,1250.0,3.0,3.0,"Safdarjung Development Area, Hauz Khas",1.0,24000000.0
1226,2300.0,4.0,4.0,Hauz Khas,1.0,102500000.0
1227,2700.0,4.0,4.0,"Hauz Khas Enclave, Hauz Khas",2.0,100000000.0
1228,1450.0,3.0,3.0,"Safdarjung Development Area, Hauz Khas",1.0,45000000.0
1231,1600.0,3.0,3.0,Chittaranjan Park,2.0,33500000.0
1233,1700.0,3.0,3.0,Chittaranjan Park,2.0,47500000.0
1234,1116.0,3.0,3.0,Chittaranjan Park,1.0,14700000.0
1235,1070.0,2.0,3.0,Chittaranjan Park,1.0,18000000.0
1236,1200.0,3.0,3.0,Chittaranjan Park,1.0,22500000.0
1237,1200.0,3.0,3.0,Chittaranjan Park,1.0,22000000.0
1238,1200.0,3.0,3.0,Chittaranjan Park carpet area 1200 sqft status Ready to Move floor 2 out of 4 floors transaction New Property furnishing Semi-Furnished facing North - East overlooking Garden/Park bathroom 3 balcony 2 ownership Freehold Newly Constructed Property Newly Constructed Property brand new 1st floor 3bedroom attach bathrooms stilt car parking modular kitchen air condition prime location c r park read more Contact Agent View Phone No. Share Feedback Nirmala Associates Certified Agent Trusted by Users Genuine Listings 1500+ Buyers Served,1.0,22200000.0
1239,1450.0,3.0,3.0,Chittaranjan Park,1.0,22500000.0
1240,1000.0,2.0,2.0,Chittaranjan Park,1.0,7500000.0
1244,1350.0,3.0,2.0,other,1.0,17500000.0
1246,1800.0,4.0,4.0,Chittaranjan Park,2.0,40000000.0
1248,1440.0,3.0,3.0,Chittaranjan Park,2.0,22500000.0
1249,1900.0,3.0,4.0,Chittaranjan Park,2.0,28500000.0
1250,1800.0,3.0,3.0,Chittaranjan Park,2.0,29000000.0
1251,1200.0,3.0,2.0,Chittaranjan Park,1.0,15500000.0
1252,1800.0,3.0,3.0,other,1.0,26000000.0
1253,1200.0,3.0,3.0,Chittaranjan Park,1.0,16500000.0
1255,1050.0,3.0,2.0,Chittaranjan Park,3.0,12500000.0
1257,990.0,2.0,2.0,Chittaranjan Park Block A,1.0,11500000.0
1258,11050.0,3.0,3.0,Chittaranjan Park,1.0,18500000.0
